size,time
100,0.002775
200,0.021364
300,0.078213
400,0.169451
500,0.287875
600,0.506171
700,0.875237
800,1.376171
900,1.877700
1000,2.630938
