size,time
100,0.002618
200,0.017818
300,0.172721
400,0.190044
500,0.331794
600,0.484191
700,0.692699
800,1.177005
900,1.649926
1000,2.477555
